Class,Average Precision
aeroplane,0.0
bicycle,0.0
bird,0.0009324009324009324
boat,0.029111586343743744
bottle,0.0
bus,0.06511633721646355
car,0.21682872184748536
cat,0.025252525252525252
chair,0.033222122371199946
cow,0.0
diningtable,0.0
dog,0.045454545454545456
horse,0.006493506493506493
motorbike,0.0
person,0.35682169064653846
pottedplant,0.0
sheep,0.0
sofa,0.0
train,0.010401574441230382
tvmonitor,0.0
